"","FECHAPROCESO","TIPOTX","CANAL","valtransaccion","transacciones","consistentes","conciliado","peso_val","peso_trans"
"1","2022-09-01","DevolucionDineroTransfiya","TRANSFIYA",226473.684210526,19,19,100,0.00483077634025769,0.00178546760926827
"2","2022-09-01","EnvioDineroTransfiya","TRANSFIYA",176802.435714286,420,358,85.2380952380952,0.00377126828808309,0.0394682313627722
"3","2022-09-01","ReciboDineroTransfiya","TRANSFIYA",172144.569230769,65,61,93.8461538461538,0.00367191409034004,0.00610817866328618
"4","2022-09-02","DevolucionDineroTransfiya","TRANSFIYA",93958.6206896552,29,28,96.551724137931,0.0020041758201315,0.00272518740361999
"5","2022-09-02","EnvioDineroTransfiya","TRANSFIYA",175589.954545455,440,366,83.1818181818182,0.00374540556869556,0.0413476709514757
"6","2022-09-02","ReciboDineroTransfiya","TRANSFIYA",237634.06,100,93,93,0.00506883172183596,0.0093971979435172
"7","2022-09-03","DevolucionDineroTransfiya","TRANSFIYA",85766.3157894737,19,19,100,0.00182943060493384,0.00178546760926827
"8","2022-09-03","EnvioDineroTransfiya","TRANSFIYA",181741.090225564,399,345,86.4661654135338,0.00387661180933571,0.0374948197946336
"9","2022-09-03","ReciboDineroTransfiya","TRANSFIYA",222938.561643836,73,67,91.7808219178082,0.00475537072960314,0.00685995449876756
"10","2022-09-04","DevolucionDineroTransfiya","TRANSFIYA",116300.272727273,22,21,95.4545454545455,0.00248073239862238,0.00206738354757378
"11","2022-09-04","EnvioDineroTransfiya","TRANSFIYA",168595.486552567,409,348,85.0855745721271,0.00359621070479552,0.0384345395889854
"12","2022-09-04","ReciboDineroTransfiya","TRANSFIYA",234901.116883117,77,73,94.8051948051948,0.00501053692703748,0.00723584241650825
"13","2022-09-05","DevolucionDineroTransfiya","TRANSFIYA",114515,20,18,90,0.00244265180094994,0.00187943958870344
"14","2022-09-05","EnvioDineroTransfiya","TRANSFIYA",177702.881012658,395,347,87.8481012658228,0.00379047515469207,0.0371189318768929
"15","2022-09-05","ReciboDineroTransfiya","TRANSFIYA",171393.959459459,74,63,85.1351351351351,0.00365590327682477,0.00695392647820273
"16","2022-09-06","DevolucionDineroTransfiya","TRANSFIYA",117236.05,20,19,95,0.00250069291069953,0.00187943958870344
"17","2022-09-06","EnvioDineroTransfiya","TRANSFIYA",167875.902147971,419,350,83.5322195704057,0.00358086167504552,0.0393742593833371
"18","2022-09-06","ReciboDineroTransfiya","TRANSFIYA",240636.64556962,79,75,94.9367088607595,0.0051328781004688,0.00742378637537859
"19","2022-09-07","DevolucionDineroTransfiya","TRANSFIYA",40941.1764705882,17,17,100,0.000873292044176671,0.00159752365039792
"20","2022-09-07","EnvioDineroTransfiya","TRANSFIYA",180523.811494253,435,374,85.9770114942529,0.00385064675597768,0.0408778110542998
"21","2022-09-07","ReciboDineroTransfiya","TRANSFIYA",194690.588235294,85,79,92.9411764705882,0.00415282989984669,0.00798761825198962
"22","2022-09-08","DevolucionDineroTransfiya","TRANSFIYA",178525.806451613,31,31,100,0.00380802849098434,0.00291313136249033
"23","2022-09-08","EnvioDineroTransfiya","TRANSFIYA",159539.244604317,417,354,84.8920863309353,0.0034030373589043,0.0391863154244667
"24","2022-09-08","ReciboDineroTransfiya","TRANSFIYA",175243.010752688,93,88,94.6236559139785,0.00373800511565247,0.008739394087471
"25","2022-09-09","DevolucionDineroTransfiya","TRANSFIYA",68822.2222222222,18,18,100,0.001468006156892,0.0016914956298331
"26","2022-09-09","EnvioDineroTransfiya","TRANSFIYA",164759.127358491,424,358,84.4339622641509,0.00351437959363539,0.0398441192805129
"27","2022-09-09","ReciboDineroTransfiya","TRANSFIYA",204639.319444444,72,69,95.8333333333333,0.00436504040681257,0.00676598251933239
"28","2022-09-10","DevolucionDineroTransfiya","TRANSFIYA",133853,22,20,90.9090909090909,0.00285513925260928,0.00206738354757378
"29","2022-09-10","EnvioDineroTransfiya","TRANSFIYA",198739.826086957,414,350,84.5410628019324,0.0042392017998671,0.0389043994861612
"30","2022-09-10","ReciboDineroTransfiya","TRANSFIYA",227569.5,64,60,93.75,0.0048541505393728,0.00601420668385101
"31","2022-09-11","DevolucionDineroTransfiya","TRANSFIYA",136827.384615385,26,24,92.3076923076923,0.00291858409335056,0.00244327146531447
"32","2022-09-11","EnvioDineroTransfiya","TRANSFIYA",195162.768348624,436,375,86.0091743119266,0.0041629016948447,0.040971783033735
"33","2022-09-11","ReciboDineroTransfiya","TRANSFIYA",178086.890243902,82,77,93.9024390243902,0.00379866622870228,0.00770570231368411
"34","2022-09-12","DevolucionDineroTransfiya","TRANSFIYA",193081.818181818,22,21,95.4545454545455,0.00411851417641799,0.00206738354757378
"35","2022-09-12","EnvioDineroTransfiya","TRANSFIYA",197494.792410714,448,378,84.375,0.00421264472217845,0.0420994467869571
"36","2022-09-12","ReciboDineroTransfiya","TRANSFIYA",192662.130434783,69,64,92.7536231884058,0.00410956206506897,0.00648406658102687
"37","2022-09-13","DevolucionDineroTransfiya","TRANSFIYA",155437.863636364,22,22,100,0.00331555322488036,0.00206738354757378
"38","2022-09-13","EnvioDineroTransfiya","TRANSFIYA",158423.945945946,444,378,85.1351351351351,0.00337924758222469,0.0417235588692164
"39","2022-09-13","ReciboDineroTransfiya","TRANSFIYA",208558.549295775,71,63,88.7323943661972,0.00444863918299638,0.00667201053989721
"40","2022-09-14","DevolucionDineroTransfiya","TRANSFIYA",145545.454545455,22,21,95.4545454545455,0.00310454409173935,0.00206738354757378
"41","2022-09-14","EnvioDineroTransfiya","TRANSFIYA",191035.867684478,393,333,84.7328244274809,0.00407487321526023,0.0369309879180226
"42","2022-09-14","ReciboDineroTransfiya","TRANSFIYA",183908.891304348,92,82,89.1304347826087,0.0039228518932478,0.00864542210803582
"43","2022-09-15","DevolucionDineroTransfiya","TRANSFIYA",84714.2857142857,21,21,100,0.00180699037301827,0.00197341156813861
"44","2022-09-15","EnvioDineroTransfiya","TRANSFIYA",178387.709821429,448,371,82.8125,0.00380508283336373,0.0420994467869571
"45","2022-09-15","ReciboDineroTransfiya","TRANSFIYA",248707.756097561,82,79,96.3414634146341,0.00530503819012291,0.00770570231368411
"46","2022-09-16","DevolucionDineroTransfiya","TRANSFIYA",211393.421052632,19,18,94.7368421052632,0.00450910815738706,0.00178546760926827
"47","2022-09-16","EnvioDineroTransfiya","TRANSFIYA",176179.84079602,402,339,84.3283582089552,0.00375798808375733,0.0377767357329392
"48","2022-09-16","ReciboDineroTransfiya","TRANSFIYA",221324.365853659,82,69,84.1463414634146,0.0047209392729908,0.00770570231368411
"49","2022-09-17","DevolucionDineroTransfiya","TRANSFIYA",200090.909090909,11,11,100,0.00426802095310325,0.00103369177378689
"50","2022-09-17","EnvioDineroTransfiya","TRANSFIYA",166266.506024096,415,347,83.6144578313253,0.00354653259727907,0.0389983714655964
"51","2022-09-17","ReciboDineroTransfiya","TRANSFIYA",235574.393442623,61,57,93.4426229508197,0.00502489819150602,0.00573229074554549
"52","2022-09-18","DevolucionDineroTransfiya","TRANSFIYA",57837.5,16,16,100,0.00123369753776747,0.00150355167096275
"53","2022-09-18","EnvioDineroTransfiya","TRANSFIYA",182360.965517241,406,340,83.743842364532,0.00388983400291367,0.0381526236506798
"54","2022-09-18","ReciboDineroTransfiya","TRANSFIYA",213385.488636364,88,81,92.0454545454545,0.00455159977395272,0.00826953419029514
"55","2022-09-19","DevolucionDineroTransfiya","TRANSFIYA",213976.19047619,21,21,100,0.00456419968586712,0.00197341156813861
"56","2022-09-19","EnvioDineroTransfiya","TRANSFIYA",169665.085158151,411,360,87.5912408759124,0.00361902568065215,0.0386224835478557
"57","2022-09-19","ReciboDineroTransfiya","TRANSFIYA",177789.814814815,81,76,93.8271604938272,0.00379232948825886,0.00761173033424893
"58","2022-09-20","DevolucionDineroTransfiya","TRANSFIYA",130335.714285714,28,25,89.2857142857143,0.00278011410931403,0.00263121542418482
"59","2022-09-20","EnvioDineroTransfiya","TRANSFIYA",161939.009389671,426,359,84.2723004694836,0.0034542253235797,0.0400320632393833
"60","2022-09-20","ReciboDineroTransfiya","TRANSFIYA",152271.906976744,86,83,96.5116279069768,0.00324802207405864,0.00808159023142479
"61","2022-09-21","DevolucionDineroTransfiya","TRANSFIYA",72747.5217391304,23,22,95.6521739130435,0.00155173440152584,0.00216135552700896
"62","2022-09-21","EnvioDineroTransfiya","TRANSFIYA",175354.366412214,393,338,86.0050890585242,0.00374038037742854,0.0369309879180226
"63","2022-09-21","ReciboDineroTransfiya","TRANSFIYA",192652.013888889,72,71,98.6111111111111,0.00410934627500613,0.00676598251933239
"64","2022-09-22","DevolucionDineroTransfiya","TRANSFIYA",115109.523809524,21,20,95.2380952380952,0.00245533323704164,0.00197341156813861
"65","2022-09-22","EnvioDineroTransfiya","TRANSFIYA",185659.038277512,418,367,87.799043062201,0.00396018324421428,0.0392802874039019
"66","2022-09-22","ReciboDineroTransfiya","TRANSFIYA",242960.048780488,82,79,96.3414634146341,0.00518243724151895,0.00770570231368411
"67","2022-09-23","DevolucionDineroTransfiya","TRANSFIYA",175982,25,24,96,0.00375376805863661,0.0023492994858793
"68","2022-09-23","EnvioDineroTransfiya","TRANSFIYA",160472.308080808,396,341,86.1111111111111,0.00342293998459747,0.0372129038563281
"69","2022-09-23","ReciboDineroTransfiya","TRANSFIYA",255742.594202899,69,64,92.7536231884058,0.00545509416503793,0.00648406658102687
"70","2022-09-24","DevolucionDineroTransfiya","TRANSFIYA",154066.666666667,24,22,91.6666666666667,0.00328630503252576,0.00225532750644413
"71","2022-09-24","EnvioDineroTransfiya","TRANSFIYA",176540.254716981,424,362,85.377358490566,0.00376567586014578,0.0398441192805129
"72","2022-09-24","ReciboDineroTransfiya","TRANSFIYA",177868.584415584,77,69,89.6103896103896,0.00379400967606989,0.00723584241650825
"73","2022-09-25","DevolucionDineroTransfiya","TRANSFIYA",203335,20,18,90,0.00433721873943287,0.00187943958870344
"74","2022-09-25","EnvioDineroTransfiya","TRANSFIYA",171132.179669031,423,364,86.0520094562648,0.00365031940679427,0.0397501473010778
"75","2022-09-25","ReciboDineroTransfiya","TRANSFIYA",289305.342465753,73,69,94.5205479452055,0.00617100131684417,0.00685995449876756
"76","2022-09-26","DevolucionDineroTransfiya","TRANSFIYA",137847.368421053,19,18,94.7368421052632,0.00294034076522633,0.00178546760926827
"77","2022-09-26","EnvioDineroTransfiya","TRANSFIYA",166811.972850679,442,375,84.841628959276,0.00355816762785419,0.041535614910346
"78","2022-09-26","ReciboDineroTransfiya","TRANSFIYA",288226.879120879,91,84,92.3076923076923,0.00614799725247168,0.00855145012860065
"79","2022-09-27","DevolucionDineroTransfiya","TRANSFIYA",64550.1363636364,22,20,90.9090909090909,0.00137688081771122,0.00206738354757378
"80","2022-09-27","EnvioDineroTransfiya","TRANSFIYA",181262.21483376,391,328,83.8874680306905,0.00386639720130862,0.0367430439591523
"81","2022-09-27","ReciboDineroTransfiya","TRANSFIYA",229652.173913043,69,66,95.6521739130435,0.004898574826012,0.00648406658102687
"82","2022-09-28","DevolucionDineroTransfiya","TRANSFIYA",147450,28,26,92.8571428571429,0.00314516882548197,0.00263121542418482
"83","2022-09-28","EnvioDineroTransfiya","TRANSFIYA",172159.141826923,416,350,84.1346153846154,0.00367222492977801,0.0390923434450316
"84","2022-09-28","ReciboDineroTransfiya","TRANSFIYA",180590.420454545,88,80,90.9090909090909,0.00385206755235211,0.00826953419029514
"85","2022-09-29","DevolucionDineroTransfiya","TRANSFIYA",96996.9655172414,29,28,96.551724137931,0.00206898495836675,0.00272518740361999
"86","2022-09-29","EnvioDineroTransfiya","TRANSFIYA",175101.693045564,417,351,84.1726618705036,0.0037349907511429,0.0391863154244667
"87","2022-09-29","ReciboDineroTransfiya","TRANSFIYA",212691.385416667,96,90,93.75,0.0045367942683016,0.00902131002577651
"88","2022-09-30","DevolucionDineroTransfiya","TRANSFIYA",45433.3333333333,21,20,95.2380952380952,0.000969111587912723,0.00197341156813861
"89","2022-09-30","EnvioDineroTransfiya","TRANSFIYA",177730.866828087,413,354,85.7142857142857,0.00379107210358486,0.038810427506726
"90","2022-09-30","ReciboDineroTransfiya","TRANSFIYA",192939.159090909,88,81,92.0454545454545,0.0041154711996435,0.00826953419029514
"91","2022-09-01","CreditosEnviados","ACH",2725897.73759677,5813,4559,78.4276621365904,0.0581445139758643,0.546259116456655
"92","2022-09-01","CreditosRecibidos","ACH",2469069.70610837,10741,10738,99.9720696396983,0.0526662669894471,1.00935303111318
"93","2022-09-01","DebitosEnviados","ACH",159278.335311573,337,324,96.1424332344214,0.00339747205694556,0.031668557069653
"94","2022-09-01","DebitosRecibidos","ACH",217139.374104628,1491,1489,99.8658618376928,0.00463167168679921,0.140112221337841
"95","2022-09-01","DevolucionesCreditosEnviados","ACH",2509165.91375,160,154,96.25,0.0535215355028043,0.0150355167096275
"96","2022-09-01","DevolucionesCreditosRecibidos","ACH",1391460.02331878,229,229,100,0.0296804115784784,0.0215195832906544
"97","2022-09-01","DevolucionesDebitosEnviados","ACH",259122.465172031,901,894,99.2230854605993,0.00552718819559926,0.08466875347109
"98","2022-09-01","DevolucionesDebitosRecibidos","ACH",157515.479452055,219,197,89.9543378995434,0.00335986962023363,0.0205798634963027
"99","2022-09-01","PagosDIANEnviados","PSE",3521189.65517241,174,149,85.632183908046,0.0751084159515625,0.0163511244217199
"100","2022-09-01","PagosDIANRecibidos","PSE",97481166.6666667,6,6,100,2.07931316698279,0.000563831876611032
"101","2022-09-01","PagosEmpresasEnviados","PSE",348436.061292504,10793,8059,74.668766793292,0.0074322837412744,1.01423957404381
"102","2022-09-01","PagosEmpresasRecibidos","PSE",3706548.15993543,1239,1133,91.4447134786118,0.0790621886929569,0.116431282520178
"103","2022-09-01","PagosSSSEnviados","PSE",1621214.86291486,693,581,83.8383838383838,0.0345811763055128,0.0651225817485742
"104","2022-09-01","PagosSSSOtrosCanalesEnviado","PSE",201566.666666667,3,0,0,0.00429949946596349,0.000281915938305516
"105","2022-09-01","PagosSSSRecibidos","PSE",556165.253136934,1833,117,6.38297872340426,0.0118632323905227,0.17225063830467
"106","2022-09-01","SeguridadSocialONIFRecibidos","ACH",71243.3701657459,362,0,0,0.00151965023307953,0.0340178565555323
"107","2022-09-02","CreditosEnviados","ACH",2797947.80483397,5782,4568,79.0038049117952,0.0596813713875179,0.543345985094165
"108","2022-09-02","CreditosRecibidos","ACH",2824925.18990247,10663,10660,99.9718653287067,0.0602568100481518,1.00202321671724
"109","2022-09-02","DebitosEnviados","ACH",173236.64556962,316,311,98.4177215189873,0.00369520852544347,0.0296951455015144
"110","2022-09-02","DebitosRecibidos","ACH",215243.457485994,1428,1427,99.9299719887955,0.00459123100965686,0.134191986633426
"111","2022-09-02","DevolucionesCreditosEnviados","ACH",1918247.52218978,137,134,97.8102189781022,0.0409170044513349,0.0128741611826186
"112","2022-09-02","DevolucionesCreditosRecibidos","ACH",672811.902160804,199,199,100,0.0143513531372627,0.0187004239075992
"113","2022-09-02","DevolucionesDebitosEnviados","ACH",295089.756099881,841,838,99.6432818073722,0.00629438522620837,0.0790304347049797
"114","2022-09-02","DevolucionesDebitosRecibidos","ACH",186933.107476636,214,183,85.5140186915888,0.00398735966148515,0.0201100035991268
"115","2022-09-02","PagosDIANEnviados","PSE",6531819.14893617,188,171,90.9574468085106,0.13932637477735,0.0176667321338123
"116","2022-09-02","PagosDIANRecibidos","PSE",31409700,10,10,100,0.669981751493666,0.00093971979435172
"117","2022-09-02","PagosEmpresasEnviados","PSE",369970.667991605,10959,8030,73.2731088602975,0.00789162571251229,1.02983892263005
"118","2022-09-02","PagosEmpresasRecibidos","PSE",2795130.02505106,1273,1150,90.3377847604085,0.0596212669919243,0.119626329820974
"119","2022-09-02","PagosSSSEnviados","PSE",3895930.50927247,701,593,84.5934379457917,0.0831017916853704,0.0658743575840556
"120","2022-09-02","PagosSSSOtrosCanalesEnviado","PSE",224250,4,0,0,0.00478334424628235,0.000375887917740688
"121","2022-09-02","PagosSSSRecibidos","PSE",546918.630668127,1826,105,5.75027382256298,0.0116659981502386,0.171592834448624
"122","2022-09-02","SeguridadSocialONIFRecibidos","ACH",115974.525745257,369,0,0,0.00247378408222476,0.0346756604115785
"123","2022-09-03","CreditosEnviados","ACH",3262267.27382722,5730,4558,79.5462478184991,0.0695854956258491,0.538459442163536
"124","2022-09-03","CreditosRecibidos","ACH",2934446.94333982,10788,10784,99.962921764924,0.0625929538570585,1.01376971414664
"125","2022-09-03","DebitosEnviados","ACH",149534.04610951,347,340,97.9827089337176,0.0031896223816332,0.0326082768640047
"126","2022-09-03","DebitosRecibidos","ACH",183362.493494624,1488,1484,99.7311827956989,0.00391119700442137,0.139830305399536
"127","2022-09-03","DevolucionesCreditosEnviados","ACH",3190074.52739437,142,136,95.7746478873239,0.0680455948085785,0.0133440210797944
"128","2022-09-03","DevolucionesCreditosRecibidos","ACH",1835478.95212291,179,179,100,0.0391515169891168,0.0168209843188958
"129","2022-09-03","DevolucionesDebitosEnviados","ACH",203431.483783482,896,894,99.7767857142857,0.00433927677800847,0.0841988935739141
"130","2022-09-03","DevolucionesDebitosRecibidos","ACH",145434.906735751,193,177,91.7098445595855,0.00310218606173051,0.0181365920309882
"131","2022-09-03","PagosDIANEnviados","PSE",4656013.10043668,229,203,88.646288209607,0.0993146643236969,0.0215195832906544
"132","2022-09-03","PagosDIANRecibidos","PSE",162670318.2,10,10,100,3.46982443970073,0.00093971979435172
"133","2022-09-03","PagosEmpresasEnviados","PSE",375147.03552687,10923,8039,73.5969971619518,0.00800203974982088,1.02645593137038
"134","2022-09-03","PagosEmpresasRecibidos","PSE",2331318.60989458,1328,1221,91.9427710843374,0.0497279797497891,0.124794788689908
"135","2022-09-03","PagosSSSEnviados","PSE",1244618.79381443,679,578,85.1251840942563,0.026548228076732,0.0638069740364818
"136","2022-09-03","PagosSSSOtrosCanalesEnviado","PSE",265000,5,0,0,0.0056525584181263,0.00046985989717586
"137","2022-09-03","PagosSSSRecibidos","PSE",678281.862217438,1858,106,5.70505920344456,0.0144680296231682,0.17459993779055
"138","2022-09-03","SeguridadSocialONIFRecibidos","ACH",93182.5641025641,390,0,0,0.00198762221562469,0.0366490719797171
"139","2022-09-04","CreditosEnviados","ACH",3563464.14575122,5724,4503,78.6687631027254,0.0760101481311597,0.537895610286925
"140","2022-09-04","CreditosRecibidos","ACH",2480208.95435829,10550,10544,99.9431279620853,0.052903871711963,0.991404383041065
"141","2022-09-04","DebitosEnviados","ACH",167635.300561798,356,349,98.0337078651685,0.00357572954477631,0.0334540246789212
"142","2022-09-04","DebitosRecibidos","ACH",249439.236786427,1503,1501,99.8669328010645,0.00532064097248346,0.141239885091064
"143","2022-09-04","DevolucionesCreditosEnviados","ACH",2331422.7086,150,147,98,0.0497302002177651,0.0140957969152758
"144","2022-09-04","DevolucionesCreditosRecibidos","ACH",932408.632653061,196,196,100,0.0198886576061762,0.0184185079692937
"145","2022-09-04","DevolucionesDebitosEnviados","ACH",208319.91936694,853,850,99.6483001172333,0.00444354910898487,0.0801580984582017
"146","2022-09-04","DevolucionesDebitosRecibidos","ACH",163076.267605634,213,176,82.6291079812207,0.00347848350660695,0.0200160316196916
"147","2022-09-04","PagosDIANEnviados","PSE",25454323.2323232,198,171,86.3636363636364,0.542951128545572,0.0186064519281641
"148","2022-09-04","PagosDIANRecibidos","PSE",132983777.777778,9,9,100,2.83659838698874,0.000845747814916548
"149","2022-09-04","PagosEmpresasEnviados","PSE",305589.597413183,11029,8111,73.542478919213,0.00651835113716874,1.03641696119051
"150","2022-09-04","PagosEmpresasRecibidos","PSE",3347364.77493681,1266,1136,89.7314375987362,0.0714006601400321,0.118968525964928
"151","2022-09-04","PagosSSSEnviados","PSE",962169.666182874,689,559,81.1320754716981,0.0205234726273501,0.0647466938308335
"152","2022-09-04","PagosSSSOtrosCanalesEnviado","PSE",337233.333333333,3,0,0,0.00719332497058915,0.000281915938305516
"153","2022-09-04","PagosSSSRecibidos","PSE",727831.914858097,1797,96,5.34223706176962,0.0155249525181589,0.168867647045004
"154","2022-09-04","SeguridadSocialONIFRecibidos","ACH",365977.21319797,394,0,0,0.00780644368794183,0.0370249598974578
"155","2022-09-05","CreditosEnviados","ACH",2713986.97671686,5711,4543,79.5482402381369,0.0578904525733058,0.536673974554267
"156","2022-09-05","CreditosRecibidos","ACH",2592007.31490161,10621,10620,99.9905846907071,0.0552885764818568,0.998076393580962
"157","2022-09-05","DebitosEnviados","ACH",194618.327731092,357,346,96.9187675070028,0.00415128855372849,0.0335479966583564
"158","2022-09-05","DebitosRecibidos","ACH",231206.67977258,1539,1534,99.6751137102014,0.00493173307198312,0.14462287635073
"159","2022-09-05","DevolucionesCreditosEnviados","ACH",966994.92979021,143,139,97.2027972027972,0.0206263974742306,0.0134379930592296
"160","2022-09-05","DevolucionesCreditosRecibidos","ACH",889867.630229358,218,218,100,0.0189812406198908,0.0204858915168675
"161","2022-09-05","DevolucionesDebitosEnviados","ACH",229347.331746575,876,874,99.7716894977169,0.00489207241788268,0.0823194539852107
"162","2022-09-05","DevolucionesDebitosRecibidos","ACH",156220.471111111,225,191,84.8888888888889,0.00333224656250101,0.0211436953729137
"163","2022-09-05","PagosDIANEnviados","PSE",6592395.12195122,205,191,93.1707317073171,0.140618485064906,0.0192642557842103
"164","2022-09-05","PagosDIANRecibidos","PSE",130733083.333333,12,12,100,2.78859015367336,0.00112766375322206
"165","2022-09-05","PagosEmpresasEnviados","PSE",462595.945613134,10903,8073,74.0438411446391,0.00986736077949667,1.02457649178168
"166","2022-09-05","PagosEmpresasRecibidos","PSE",3728317.70787666,1281,1171,91.4129586260734,0.0795265420570097,0.120378105656455
"167","2022-09-05","PagosSSSEnviados","PSE",1465588.64628821,687,580,84.4250363901019,0.0312616054342896,0.0645587498719632
"168","2022-09-05","PagosSSSOtrosCanalesEnviado","PSE",259280,5,0,0,0.00553054847793127,0.00046985989717586
"169","2022-09-05","PagosSSSRecibidos","PSE",663515.368969298,1824,116,6.35964912280702,0.0141530542808437,0.171404890489754
"170","2022-09-05","SeguridadSocialONIFRecibidos","ACH",80964.402173913,368,0,0,0.001727003822931,0.0345816884321433
"171","2022-09-06","CreditosEnviados","ACH",3485354.00476157,5662,4474,79.0180148357471,0.0743440268670385,0.532069347561944
"172","2022-09-06","CreditosRecibidos","ACH",2550221.54686794,10533,10529,99.9620241146872,0.054397268954096,0.989806859390667
"173","2022-09-06","DebitosEnviados","ACH",167798.657894737,342,335,97.953216374269,0.00357921402352147,0.0321384169668288
"174","2022-09-06","DebitosRecibidos","ACH",189038.971190476,1470,1468,99.8639455782313,0.00403227859606287,0.138138809769703
"175","2022-09-06","DevolucionesCreditosEnviados","ACH",1236117.96811688,154,154,100,0.0263669019867029,0.0144716848330165
"176","2022-09-06","DevolucionesCreditosRecibidos","ACH",1221800.54634703,219,219,100,0.0260615055227367,0.0205798634963027
"177","2022-09-06","DevolucionesDebitosEnviados","ACH",268968.033385354,833,830,99.639855942377,0.00573719819365758,0.0782786588694983
"178","2022-09-06","DevolucionesDebitosRecibidos","ACH",208606.840375587,213,183,85.9154929577465,0.00444966925148586,0.0200160316196916
"179","2022-09-06","PagosDIANEnviados","PSE",3078481.08108108,185,167,90.2702702702703,0.0656652609430469,0.0173848161955068
"180","2022-09-06","PagosDIANRecibidos","PSE",312192375,8,8,100,6.65919108445695,0.000751775835481376
"181","2022-09-06","PagosEmpresasEnviados","PSE",364737.797106744,10839,7939,73.2447642771473,0.00778000643563988,1.01856228509783
"182","2022-09-06","PagosEmpresasRecibidos","PSE",2151011.46100392,1275,1152,90.3529411764706,0.0458819544957882,0.119814273779844
"183","2022-09-06","PagosSSSEnviados","PSE",1326325.66995769,709,600,84.6262341325811,0.0282910691731937,0.066626133419537
"184","2022-09-06","PagosSSSOtrosCanalesEnviado","PSE",301100,9,0,0,0.00642258618753898,0.000845747814916548
"185","2022-09-06","PagosSSSRecibidos","PSE",585921.075911277,1871,103,5.50507749866382,0.0124979362641506,0.175821573523207
"186","2022-09-06","SeguridadSocialONIFRecibidos","ACH",160793.274853801,342,0,0,0.00342978633718094,0.0321384169668288
"187","2022-09-07","CreditosEnviados","ACH",2994967.54113585,5705,4409,77.2830850131464,0.0638838829685375,0.536110142677656
"188","2022-09-07","CreditosRecibidos","ACH",2283988.06294246,10549,10545,99.9620817139065,0.0487183998191901,0.99131041106163
"189","2022-09-07","DebitosEnviados","ACH",167698.399477807,383,378,98.6945169712794,0.00357707547047013,0.0359912681236709
"190","2022-09-07","DebitosRecibidos","ACH",186645.064163823,1465,1464,99.9317406143345,0.00398121557977713,0.137668949872527
"191","2022-09-07","DevolucionesCreditosEnviados","ACH",1432904.53634615,156,154,98.7179487179487,0.0305644399973389,0.0146596287918868
"192","2022-09-07","DevolucionesCreditosRecibidos","ACH",911464.138636364,220,220,100,0.0194419029798838,0.0206738354757378
"193","2022-09-07","DevolucionesDebitosEnviados","ACH",190400.333703704,864,858,99.3055555555556,0.00406131701543746,0.0811917902319886
"194","2022-09-07","DevolucionesDebitosRecibidos","ACH",167845.92893401,197,163,82.741116751269,0.00358022233412893,0.0185124799487289
"195","2022-09-07","PagosDIANEnviados","PSE",6225666.66666667,201,178,88.5572139303483,0.132796017075906,0.0188883678664696
"196","2022-09-07","PagosDIANRecibidos","PSE",110213200,15,15,100,2.35089264697599,0.00140957969152758
"197","2022-09-07","PagosEmpresasEnviados","PSE",564224.522349941,10979,8109,73.8591857181893,0.0120351399000847,1.03171836221875
"198","2022-09-07","PagosEmpresasRecibidos","PSE",2262831.68249437,1331,1210,90.9090909090909,0.048267125568628,0.125076704628214
"199","2022-09-07","PagosSSSEnviados","PSE",1506457.32833787,734,616,83.9237057220708,0.0321333511428087,0.0689754329054163
"200","2022-09-07","PagosSSSOtrosCanalesEnviado","PSE",262400,4,0,0,0.00559709935440129,0.000375887917740688
"201","2022-09-07","PagosSSSRecibidos","PSE",513281.20265252,1885,113,5.9946949602122,0.0109484980487528,0.177137181235299
"202","2022-09-07","SeguridadSocialONIFRecibidos","ACH",79873.1578947368,380,0,0,0.00170372713600085,0.0357093521853654
"203","2022-09-08","CreditosEnviados","ACH",3039975.38702071,5649,4438,78.5625774473358,0.0648439187350969,0.530847711829287
"204","2022-09-08","CreditosRecibidos","ACH",2326745.94881308,10700,10697,99.9719626168224,0.0496304430181308,1.00550017995634
"205","2022-09-08","DebitosEnviados","ACH",173777.986187845,362,355,98.0662983425414,0.00370675554230619,0.0340178565555323
"206","2022-09-08","DebitosRecibidos","ACH",213308.077264516,1550,1548,99.8709677419355,0.00454994855772029,0.145656568124517
"207","2022-09-08","DevolucionesCreditosEnviados","ACH",1116650.49636364,132,125,94.6969696969697,0.0238186119370762,0.0124043012854427
"208","2022-09-08","DevolucionesCreditosRecibidos","ACH",855313.827259615,208,208,100,0.0182441938657214,0.0195461717225158
"209","2022-09-08","DevolucionesDebitosEnviados","ACH",202459.712215777,862,859,99.6519721577726,0.00431854849289328,0.0810038462731183
"210","2022-09-08","DevolucionesDebitosRecibidos","ACH",176316.201923077,208,184,88.4615384615385,0.00376089672238621,0.0195461717225158
"211","2022-09-08","PagosDIANEnviados","PSE",5020994.62365591,186,169,90.8602150537634,0.107099869537031,0.017478788174942
"212","2022-09-08","PagosDIANRecibidos","PSE",59519200,10,10,100,1.26956888679299,0.00093971979435172
"213","2022-09-08","PagosEmpresasEnviados","PSE",407033.704243536,10906,8051,73.8217494956905,0.00868219543918086,1.02485840771999
"214","2022-09-08","PagosEmpresasRecibidos","PSE",2065725.72726154,1300,1190,91.5384615384615,0.0440627749025369,0.122163573265724
"215","2022-09-08","PagosSSSEnviados","PSE",2235588.12030075,665,544,81.8045112781955,0.0476860092410157,0.0624913663243894
"216","2022-09-08","PagosSSSOtrosCanalesEnviado","PSE",370440,5,0,0,0.00790163675626682,0.00046985989717586
"217","2022-09-08","PagosSSSRecibidos","PSE",703659.67684492,1870,111,5.93582887700535,0.0150093487918709,0.175727601543772
"218","2022-09-08","SeguridadSocialONIFRecibidos","ACH",68177.7202072539,386,0,0,0.00145425866523084,0.0362731840619764
"219","2022-09-09","CreditosEnviados","ACH",2972400.41245313,5707,4480,78.5000876117049,0.0634025168809585,0.536298086636527
"220","2022-09-09","CreditosRecibidos","ACH",2631311.69449919,10533,10531,99.9810120573436,0.0561269549790777,0.989806859390667
"221","2022-09-09","DebitosEnviados","ACH",179835.838509317,322,313,97.2049689440994,0.00383597201074204,0.0302589773781254
"222","2022-09-09","DebitosRecibidos","ACH",215170.524153646,1536,1534,99.8697916666667,0.00458967531183901,0.144340960412424
"223","2022-09-09","DevolucionesCreditosEnviados","ACH",2704194.28407407,162,153,94.4444444444444,0.0576815704327997,0.0152234606684979
"224","2022-09-09","DevolucionesCreditosRecibidos","ACH",1269073.93689189,222,222,100,0.0270698662837847,0.0208617794346082
"225","2022-09-09","DevolucionesDebitosEnviados","ACH",230119.094800456,877,872,99.4298745724059,0.00490853443956952,0.0824134259646459
"226","2022-09-09","DevolucionesDebitosRecibidos","ACH",220045.93877551,196,171,87.2448979591837,0.00469366990037741,0.0184185079692937
"227","2022-09-09","PagosDIANEnviados","PSE",3173709.52380952,210,189,90,0.0676965225867816,0.0197341156813861
"228","2022-09-09","PagosDIANRecibidos","PSE",45442100,10,10,100,0.969298584499385,0.00093971979435172
"229","2022-09-09","PagosEmpresasEnviados","PSE",383598.900196551,10786,8018,74.3371036528834,0.00818232148109436,1.01358177018777
"230","2022-09-09","PagosEmpresasRecibidos","PSE",4297344.37767167,1267,1159,91.4759273875296,0.0916641137267762,0.119062497944363
"231","2022-09-09","PagosSSSEnviados","PSE",2586082.73809524,672,564,83.9285714285714,0.0551622028346843,0.0631491701804356
"232","2022-09-09","PagosSSSOtrosCanalesEnviado","PSE",499700,5,0,0,0.010658805439765,0.00046985989717586
"233","2022-09-09","PagosSSSRecibidos","PSE",533835.498172324,1915,96,5.01305483028721,0.0113869295814665,0.179956340618354
"234","2022-09-09","SeguridadSocialONIFRecibidos","ACH",101042.857142857,364,0,0,0.00215528548201657,0.0342058005144026
"235","2022-09-10","CreditosEnviados","ACH",3424404.31422673,5619,4415,78.5726997686421,0.073043945031888,0.528028552446232
"236","2022-09-10","CreditosRecibidos","ACH",2470168.67652547,10600,10599,99.9905660377358,0.0526897084780602,0.996102982012823
"237","2022-09-10","DebitosEnviados","ACH",148337.049275362,345,334,96.8115942028986,0.00316408994943949,0.0324203329051343
"238","2022-09-10","DebitosRecibidos","ACH",176211.55129097,1495,1494,99.933110367893,0.00375866448158817,0.140488109255582
"239","2022-09-10","DevolucionesCreditosEnviados","ACH",1025519.14086705,173,171,98.8439306358381,0.0218747428402178,0.0162571524422848
"240","2022-09-10","DevolucionesCreditosRecibidos","ACH",1268865.75876106,226,226,100,0.0270654257590832,0.0212376673523489
"241","2022-09-10","DevolucionesDebitosEnviados","ACH",218858.212806415,873,868,99.4272623138603,0.00466833521952821,0.0820375380469052
"242","2022-09-10","DevolucionesDebitosRecibidos","ACH",179775.026315789,228,207,90.7894736842105,0.00383467486177431,0.0214256113112192
"243","2022-09-10","PagosDIANEnviados","PSE",3804696.80851064,188,167,88.8297872340426,0.0811557395221324,0.0176667321338123
"244","2022-09-10","PagosDIANRecibidos","PSE",58847916.6666667,12,12,100,1.25525013865419,0.00112766375322206
"245","2022-09-10","PagosEmpresasEnviados","PSE",330334.261829201,10890,7986,73.3333333333333,0.00704616495282335,1.02335485604902
"246","2022-09-10","PagosEmpresasRecibidos","PSE",3146776.00281225,1241,1135,91.4585012087027,0.0671220195647328,0.116619226479048
"247","2022-09-10","PagosSSSEnviados","PSE",1292389.0647482,695,570,82.0143884892086,0.0275671874997616,0.0653105257074446
"248","2022-09-10","PagosSSSOtrosCanalesEnviado","PSE",217300,3,0,0,0.00463509790286356,0.000281915938305516
"249","2022-09-10","PagosSSSRecibidos","PSE",561671.681264,1875,106,5.65333333333333,0.0119806867552905,0.176197461440948
"250","2022-09-10","SeguridadSocialONIFRecibidos","ACH",105942.079207921,404,0,0,0.00225978789305863,0.0379646796918095
"251","2022-09-11","CreditosEnviados","ACH",2505127.75864054,5664,4440,78.3898305084746,0.0534354000022092,0.532257291520814
"252","2022-09-11","CreditosRecibidos","ACH",2149779.14123384,10755,10750,99.953509995351,0.0458556686109196,1.01066863882528
"253","2022-09-11","DebitosEnviados","ACH",150642.703601108,361,346,95.8448753462604,0.00321327049950848,0.0339238845760971
"254","2022-09-11","DebitosRecibidos","ACH",203981.515923695,1494,1492,99.8661311914324,0.00435100918859111,0.140394137276147
"255","2022-09-11","DevolucionesCreditosEnviados","ACH",1290527.15141892,148,144,97.2972972972973,0.0275274721266927,0.0139078529564055
"256","2022-09-11","DevolucionesCreditosRecibidos","ACH",1221797.4793722,223,223,100,0.0260614401029087,0.0209557514140434
"257","2022-09-11","DevolucionesDebitosEnviados","ACH",221106.549364359,881,877,99.5459704880817,0.00471629315815986,0.0827893138823866
"258","2022-09-11","DevolucionesDebitosRecibidos","ACH",175762.144144144,222,196,88.2882882882883,0.00374907844328268,0.0208617794346082
"259","2022-09-11","PagosDIANEnviados","PSE",7401265.4028436,211,188,89.0995260663507,0.157872019085398,0.0198280876608213
"260","2022-09-11","PagosDIANRecibidos","PSE",24644333.3333333,9,9,100,0.525673712612996,0.000845747814916548
"261","2022-09-11","PagosEmpresasEnviados","PSE",489031.213666913,10832,7999,73.846011816839,0.0104312358624129,1.01790448124178
"262","2022-09-11","PagosEmpresasRecibidos","PSE",3955149.02430634,1247,1111,89.093825180433,0.0843649468388181,0.11718305835566
"263","2022-09-11","PagosSSSEnviados","PSE",1077142.18759019,693,601,86.7243867243867,0.0229758835471015,0.0651225817485742
"264","2022-09-11","PagosSSSOtrosCanalesEnviado","PSE",228483.333333333,6,0,0,0.00487364297824487,0.000563831876611032
"265","2022-09-11","PagosSSSRecibidos","PSE",516304.541673554,1936,99,5.11363636363636,0.011012987106995,0.181929752186493
"266","2022-09-11","SeguridadSocialONIFRecibidos","ACH",96157.1782178218,404,0,0,0.00205107195169215,0.0379646796918095
"267","2022-09-12","CreditosEnviados","ACH",2518164.84934486,5724,4553,79.5422781271838,0.0537134864807323,0.537895610286925
"268","2022-09-12","CreditosRecibidos","ACH",2379497.04124628,10760,10756,99.9628252788104,0.0507556454015219,1.01113849872245
"269","2022-09-12","DebitosEnviados","ACH",169663.252199413,341,330,96.7741935483871,0.00361898658289238,0.0320444449873937
"270","2022-09-12","DebitosRecibidos","ACH",262320.039415205,1539,1534,99.6751137102014,0.00559539376241373,0.14462287635073
"271","2022-09-12","DevolucionesCreditosEnviados","ACH",2534158.26535484,155,151,97.4193548387097,0.0540546325875314,0.0145656568124517
"272","2022-09-12","DevolucionesCreditosRecibidos","ACH",1091611.08885321,218,218,100,0.0232845111306311,0.0204858915168675
"273","2022-09-12","DevolucionesDebitosEnviados","ACH",336010.03746085,894,891,99.6644295302013,0.00716723156914816,0.0840109496150438
"274","2022-09-12","DevolucionesDebitosRecibidos","ACH",163827.754807692,208,178,85.5769230769231,0.00349451303607907,0.0195461717225158
"275","2022-09-12","PagosDIANEnviados","PSE",5494817.70833333,192,178,92.7083333333333,0.117206709786072,0.018042620051553
"276","2022-09-12","PagosDIANRecibidos","PSE",90698250,12,12,100,1.93463077942198,0.00112766375322206
"277","2022-09-12","PagosEmpresasEnviados","PSE",9647352.4989302,10731,7956,74.140341067934,0.20578197577532,1.00841331131883
"278","2022-09-12","PagosEmpresasRecibidos","PSE",2642208.59484947,1229,1111,90.3986981285598,0.0563593903217435,0.115491562725826
"279","2022-09-12","PagosSSSEnviados","PSE",1722046.17691154,667,575,86.2068965517241,0.0367319494856738,0.0626793102832597
"280","2022-09-12","PagosSSSOtrosCanalesEnviado","PSE",379212.5,8,0,0,0.00808875777031592,0.000751775835481376
"281","2022-09-12","PagosSSSRecibidos","PSE",1038122.64305781,1851,110,5.94273365748244,0.0221435806983544,0.173942133934503
"282","2022-09-12","SeguridadSocialONIFRecibidos","ACH",191372.677595628,366,0,0,0.00408205750846241,0.034393744473273
"283","2022-09-13","CreditosEnviados","ACH",2794426.23685825,5672,4478,78.9492242595205,0.0596062549018343,0.533009067356296
"284","2022-09-13","CreditosRecibidos","ACH",2823012.79544912,10732,10728,99.9627282892285,0.0602160178920536,1.00850728329827
"285","2022-09-13","DebitosEnviados","ACH",149970.204610951,347,338,97.4063400576369,0.00319892582091228,0.0326082768640047
"286","2022-09-13","DebitosRecibidos","ACH",191882.900880111,1443,1441,99.8613998613999,0.00409294077986553,0.135601566324953
"287","2022-09-13","DevolucionesCreditosEnviados","ACH",2163932.33175325,154,149,96.7532467532468,0.0461575619551226,0.0144716848330165
"288","2022-09-13","DevolucionesCreditosRecibidos","ACH",1220101.05851064,188,188,100,0.0260252547518835,0.0176667321338123
"289","2022-09-13","DevolucionesDebitosEnviados","ACH",247738.526817102,842,835,99.1686460807601,0.00528436413303479,0.0791244066844149
"290","2022-09-13","DevolucionesDebitosRecibidos","ACH",163051.278008299,241,216,89.6265560165975,0.00347795046827193,0.0226472470438765
"291","2022-09-13","PagosDIANEnviados","PSE",6068740.11299435,177,157,88.7005649717514,0.129448709483498,0.0166330403600254
"292","2022-09-13","PagosDIANRecibidos","PSE",134940750,8,8,100,2.87834140513501,0.000751775835481376
"293","2022-09-13","PagosEmpresasEnviados","PSE",451182.938742531,10879,7941,72.9938413457119,0.00962391667360022,1.02232116427524
"294","2022-09-13","PagosEmpresasRecibidos","PSE",4110803.73958697,1259,1156,91.8189038919778,0.0876851255979903,0.118310722108882
"295","2022-09-13","PagosSSSEnviados","PSE",1821270.50784593,701,587,83.737517831669,0.0388484450596592,0.0658743575840556
"296","2022-09-13","PagosSSSOtrosCanalesEnviado","PSE",259120,5,0,0,0.00552713561247127,0.00046985989717586
"297","2022-09-13","PagosSSSRecibidos","PSE",868063.686554433,1782,95,5.331088664422,0.0185161535807661,0.167458067353477
"298","2022-09-13","SeguridadSocialONIFRecibidos","ACH",91896.1424332344,337,0,0,0.00196018231511061,0.031668557069653
"299","2022-09-14","CreditosEnviados","ACH",2496028.77780858,5663,4447,78.5272823591736,0.053241315018443,0.532163319541379
"300","2022-09-14","CreditosRecibidos","ACH",2481067.16806961,10573,10567,99.9432516788045,0.0529221777615421,0.993565738568074
"301","2022-09-14","DebitosEnviados","ACH",151150.162162162,333,326,97.8978978978979,0.00322409479822975,0.0312926691519123
"302","2022-09-14","DebitosRecibidos","ACH",179956.708957633,1487,1482,99.6637525218561,0.00383855022685574,0.139736333420101
"303","2022-09-14","DevolucionesCreditosEnviados","ACH",1947542.48006667,150,149,99.3333333333333,0.0415418778881487,0.0140957969152758
"304","2022-09-14","DevolucionesCreditosRecibidos","ACH",1781424.31312195,205,205,100,0.0379985094241221,0.0192642557842103
"305","2022-09-14","DevolucionesDebitosEnviados","ACH",244084.525756208,886,884,99.7742663656885,0.00520642279546271,0.0832591737795624
"306","2022-09-14","DevolucionesDebitosRecibidos","ACH",171838.661616162,198,177,89.3939393939394,0.003665388955766,0.0186064519281641
"307","2022-09-14","PagosDIANEnviados","PSE",6222915.34391534,189,169,89.4179894179894,0.132737330235985,0.0177607041132475
"308","2022-09-14","PagosDIANRecibidos","PSE",528704444.444444,9,9,100,11.2774821062084,0.000845747814916548
"309","2022-09-14","PagosEmpresasEnviados","PSE",336862.810384651,10737,7881,73.4003911707181,0.00718542156450356,1.00897714319544
"310","2022-09-14","PagosEmpresasRecibidos","PSE",2541634.41281366,1347,1242,92.2048997772829,0.054214101871507,0.126580256299177
"311","2022-09-14","PagosSSSEnviados","PSE",1164058.23529412,680,566,83.2352941176471,0.0248298384041547,0.063900946015917
"312","2022-09-14","PagosSSSOtrosCanalesEnviado","PSE",661800,6,0,0,0.0141164647589282,0.000563831876611032
"313","2022-09-14","PagosSSSRecibidos","PSE",555418.354039806,1859,92,4.94889725658956,0.0118473007272059,0.174693909769985
"314","2022-09-14","SeguridadSocialONIFRecibidos","ACH",1318503.76811594,345,0,0,0.0281242248067736,0.0324203329051343
"315","2022-09-15","CreditosEnviados","ACH",2479245.43180053,5665,4446,78.4819064430715,0.0528833193816047,0.53235126350025
"316","2022-09-15","CreditosRecibidos","ACH",2244714.8211462,10670,10665,99.9531396438613,0.0478806855040107,1.00268102057329
"317","2022-09-15","DebitosEnviados","ACH",172644.12195122,328,323,98.4756097560976,0.00368256975424675,0.0308228092547364
"318","2022-09-15","DebitosRecibidos","ACH",207243.028618421,1520,1520,100,0.00442057858873602,0.142837408741461
"319","2022-09-15","DevolucionesCreditosEnviados","ACH",1929077.5923913,138,138,100,0.041148014279586,0.0129681331620537
"320","2022-09-15","DevolucionesCreditosRecibidos","ACH",1195294.96705314,207,207,100,0.0254961306723027,0.0194521997430806
"321","2022-09-15","DevolucionesDebitosEnviados","ACH",195989.754919441,931,926,99.4629430719656,0.00418054165674113,0.0874879128541452
"322","2022-09-15","DevolucionesDebitosRecibidos","ACH",172076.747663551,214,182,85.0467289719626,0.00367046742856378,0.0201100035991268
"323","2022-09-15","PagosDIANEnviados","PSE",3894403.84615385,156,142,91.025641025641,0.0830692273364542,0.0146596287918868
"324","2022-09-15","PagosDIANRecibidos","PSE",51622142.8571429,7,7,100,1.10112142705231,0.000657803856046204
"325","2022-09-15","PagosEmpresasEnviados","PSE",502845.966417924,10868,7958,73.2241442767759,0.0107259101905528,1.02128747250145
"326","2022-09-15","PagosEmpresasRecibidos","PSE",2459882.36804012,1296,1167,90.0462962962963,0.0524702973096817,0.121787685347983
"327","2022-09-15","PagosSSSEnviados","PSE",1801732.1529745,706,597,84.5609065155807,0.0384316839566221,0.0663442174812314
"328","2022-09-15","PagosSSSOtrosCanalesEnviado","PSE",416066.666666667,6,0,0,0.00887487222327704,0.000563831876611032
"329","2022-09-15","PagosSSSRecibidos","PSE",611950.054387926,1789,98,5.47792062604807,0.0130531450241635,0.168115871209523
"330","2022-09-15","SeguridadSocialONIFRecibidos","ACH",64869.7050938338,373,0,0,0.00138369734946989,0.0350515483293192
"331","2022-09-16","CreditosEnviados","ACH",3118093.03414673,5643,4493,79.6207690944533,0.0665102001081776,0.530283879952676
"332","2022-09-16","CreditosRecibidos","ACH",2327848.81906572,10864,10863,99.990795287187,0.0496539676918314,1.02091158458371
"333","2022-09-16","DebitosEnviados","ACH",153895.41337386,329,317,96.3525835866261,0.00328265212972619,0.0309167812341716
"334","2022-09-16","DebitosRecibidos","ACH",204748.103788265,1568,1562,99.6173469387755,0.00436736082137267,0.14734806375435
"335","2022-09-16","DevolucionesCreditosEnviados","ACH",939194.566107383,149,147,98.6577181208054,0.0200334043430519,0.0140018249358406
"336","2022-09-16","DevolucionesCreditosRecibidos","ACH",1423467.37607143,196,196,100,0.0303631415077008,0.0184185079692937
"337","2022-09-16","DevolucionesDebitosEnviados","ACH",294909.885382022,890,886,99.5505617977528,0.00629054851020684,0.0836350616973031
"338","2022-09-16","DevolucionesDebitosRecibidos","ACH",212413.383886256,211,178,84.3601895734597,0.00453086438192056,0.0198280876608213
"339","2022-09-16","PagosDIANEnviados","PSE",4541142.85714286,203,181,89.1625615763547,0.0968644350379508,0.0190763118253399
"340","2022-09-16","PagosDIANRecibidos","PSE",259774133.333333,15,15,100,5.54108854409357,0.00140957969152758
"341","2022-09-16","PagosEmpresasEnviados","PSE",903780.411810593,10781,7948,73.7222892125035,0.0192780059430854,1.01311191029059
"342","2022-09-16","PagosEmpresasRecibidos","PSE",2456055.20542464,1307,1201,91.8898240244835,0.0523886623653055,0.12282137712177
"343","2022-09-16","PagosSSSEnviados","PSE",2015823.12191582,689,567,82.2931785195936,0.0429983319141091,0.0647466938308335
"344","2022-09-16","PagosSSSOtrosCanalesEnviado","PSE",339250,8,0,0,0.00723634129565791,0.000751775835481376
"345","2022-09-16","PagosSSSRecibidos","PSE",641496.267613636,1760,101,5.73863636363636,0.0136833778403625,0.165390683805903
"346","2022-09-16","SeguridadSocialONIFRecibidos","ACH",252996.685082873,362,0,0,0.0053965228000877,0.0340178565555323
"347","2022-09-17","CreditosEnviados","ACH",3257184.53384099,5660,4423,78.1448763250883,0.0694770787024667,0.531881403603074
"348","2022-09-17","CreditosRecibidos","ACH",2344747.35670075,10563,10562,99.9905329925211,0.0500144204132008,0.992626018773722
"349","2022-09-17","DebitosEnviados","ACH",151054.044198895,362,355,98.0662983425414,0.003222044562749,0.0340178565555323
"350","2022-09-17","DebitosRecibidos","ACH",239712.93758205,1493,1491,99.8660415271266,0.00511317503118188,0.140300165296712
"351","2022-09-17","DevolucionesCreditosEnviados","ACH",1727452.6416763,173,168,97.1098265895954,0.036847271591026,0.0162571524422848
"352","2022-09-17","DevolucionesCreditosRecibidos","ACH",1593940.39384615,208,207,99.5192307692308,0.0339994007216099,0.0195461717225158
"353","2022-09-17","DevolucionesDebitosEnviados","ACH",200960.728579744,859,855,99.53434225844,0.004286574558665,0.0807219303348128
"354","2022-09-17","DevolucionesDebitosRecibidos","ACH",183894.595454545,220,191,86.8181818181818,0.00392254695692272,0.0206738354757378
"355","2022-09-17","PagosDIANEnviados","PSE",7531250,180,159,88.3333333333333,0.160644643722693,0.016914956298331
"356","2022-09-17","PagosDIANRecibidos","PSE",100752555.555556,18,18,100,2.14909323038979,0.0016914956298331
"357","2022-09-17","PagosEmpresasEnviados","PSE",319455.063935929,11019,8108,73.5819947363645,0.00681410721080796,1.03547724139616
"358","2022-09-17","PagosEmpresasRecibidos","PSE",2638164.75885086,1227,1112,90.6275468622657,0.0562731336454587,0.115303618766956
"359","2022-09-17","PagosSSSEnviados","PSE",1257651.82,700,595,85,0.026826227857407,0.0657803856046204
"360","2022-09-17","PagosSSSOtrosCanalesEnviado","PSE",210614.285714286,7,0,0,0.00449248888185639,0.000657803856046204
"361","2022-09-17","PagosSSSRecibidos","PSE",730772.628669978,1812,115,6.34657836644592,0.0155876791468859,0.170277226736532
"362","2022-09-17","SeguridadSocialONIFRecibidos","ACH",383340.532544379,338,0,0,0.00817681039336885,0.0317625290490881
"363","2022-09-18","CreditosEnviados","ACH",2667395.77928448,5786,4576,79.0874524714829,0.0568966432704492,0.543721873011905
"364","2022-09-18","CreditosRecibidos","ACH",3058416.74916113,10681,10680,99.9906375807509,0.0652372805343743,1.00371471234707
"365","2022-09-18","DebitosEnviados","ACH",142862.197860963,374,359,95.9893048128342,0.00304730912887173,0.0351455203087543
"366","2022-09-18","DebitosRecibidos","ACH",197436.363321918,1460,1457,99.7945205479452,0.00421139840580962,0.137199089975351
"367","2022-09-18","DevolucionesCreditosEnviados","ACH",981563.146438356,146,144,98.6301369863014,0.0209371434955572,0.0137199089975351
"368","2022-09-18","DevolucionesCreditosRecibidos","ACH",1589762.57714286,196,196,100,0.0339102861820793,0.0184185079692937
"369","2022-09-18","DevolucionesDebitosEnviados","ACH",200105.700391061,895,888,99.2178770949721,0.00426833645758699,0.084104921594479
"370","2022-09-18","DevolucionesDebitosRecibidos","ACH",169295.223744292,219,197,89.9543378995434,0.003611136385375,0.0205798634963027
"371","2022-09-18","PagosDIANEnviados","PSE",8327972.09302326,215,188,87.4418604651163,0.177639051925809,0.020203975578562
"372","2022-09-18","PagosDIANRecibidos","PSE",19126888.8888889,9,9,100,0.40798436528851,0.000845747814916548
"373","2022-09-18","PagosEmpresasEnviados","PSE",458053.672085566,10822,8018,74.0898170393643,0.00977047222679597,1.01696476144743
"374","2022-09-18","PagosEmpresasRecibidos","PSE",3885104.8623295,1305,1174,89.9616858237548,0.0828708762070341,0.122633433162899
"375","2022-09-18","PagosSSSEnviados","PSE",1439976.48809524,672,563,83.7797619047619,0.0307152876214592,0.0631491701804356
"376","2022-09-18","PagosSSSOtrosCanalesEnviado","PSE",355125,4,0,0,0.00757496154051737,0.000375887917740688
"377","2022-09-18","PagosSSSRecibidos","PSE",549051.467255717,1924,114,5.92515592515593,0.0117114924272487,0.180802088433271
"378","2022-09-18","SeguridadSocialONIFRecibidos","ACH",188727.979274611,386,0,0,0.00402564501126291,0.0362731840619764
"379","2022-09-19","CreditosEnviados","ACH",2738479.67202202,5722,4492,78.5040195735757,0.0584128917847389,0.537707666328054
"380","2022-09-19","CreditosRecibidos","ACH",3043645.98333365,10529,10527,99.9810048437648,0.0649222140561846,0.989430971472926
"381","2022-09-19","DebitosEnviados","ACH",183011.437994723,379,373,98.4168865435356,0.00390370884698291,0.0356153802059302
"382","2022-09-19","DebitosRecibidos","ACH",219599.35017038,1526,1524,99.8689384010485,0.00468414398271942,0.143401240618072
"383","2022-09-19","DevolucionesCreditosEnviados","ACH",1576136.36880795,151,147,97.3509933774834,0.0336196335834731,0.014189768894711
"384","2022-09-19","DevolucionesCreditosRecibidos","ACH",977131.626829268,205,205,100,0.0208426173692499,0.0192642557842103
"385","2022-09-19","DevolucionesDebitosEnviados","ACH",234574.5675028,893,891,99.7760358342665,0.00500357149515579,0.0839169776356086
"386","2022-09-19","DevolucionesDebitosRecibidos","ACH",139655.659898477,197,183,92.8934010152284,0.00297891236225706,0.0185124799487289
"387","2022-09-19","PagosDIANEnviados","PSE",6160832.33532934,167,154,92.2155688622755,0.131413074263134,0.0156933205656737
"388","2022-09-19","PagosDIANRecibidos","PSE",92897133.3333333,15,15,100,1.98153386054013,0.00140957969152758
"389","2022-09-19","PagosEmpresasEnviados","PSE",571567.70092233,10918,8091,74.1069793002381,0.0121917729033117,1.02598607147321
"390","2022-09-19","PagosEmpresasRecibidos","PSE",2462853.44135178,1265,1152,91.0671936758893,0.0525336715189597,0.118874553985493
"391","2022-09-19","PagosSSSEnviados","PSE",1207887.63505747,696,571,82.0402298850575,0.0257647374328105,0.0654044976868797
"392","2022-09-19","PagosSSSOtrosCanalesEnviado","PSE",408440,5,0,0,0.008712192303017,0.00046985989717586
"393","2022-09-19","PagosSSSRecibidos","PSE",818181.14524838,1852,92,4.96760259179266,0.017452138566513,0.174036105913939
"394","2022-09-19","SeguridadSocialONIFRecibidos","ACH",52347.1471471471,333,0,0,0.00111658606517548,0.0312926691519123
"395","2022-09-20","CreditosEnviados","ACH",3045476.46211054,5790,4552,78.6183074265976,0.0649612589173902,0.544097760929646
"396","2022-09-20","CreditosRecibidos","ACH",2261752.52255568,10776,10772,99.9628804751299,0.0482441066456245,1.01264205039341
"397","2022-09-20","DebitosEnviados","ACH",129546.245125348,359,356,99.1643454038997,0.00276327440913185,0.0337359406172268
"398","2022-09-20","DebitosRecibidos","ACH",252635.679123746,1495,1488,99.5317725752508,0.00538882239528296,0.140488109255582
"399","2022-09-20","DevolucionesCreditosEnviados","ACH",1338518.71716981,159,158,99.3710691823899,0.0285511518587088,0.0149415447301924
"400","2022-09-20","DevolucionesCreditosRecibidos","ACH",1075327.5099631,271,271,100,0.0229371757308857,0.0254664064269316
"401","2022-09-20","DevolucionesDebitosEnviados","ACH",219505.210216346,832,828,99.5192307692308,0.00468213593898487,0.0781846868900631
"402","2022-09-20","DevolucionesDebitosRecibidos","ACH",200067.233830846,201,179,89.0547263681592,0.00426751595011996,0.0188883678664696
"403","2022-09-20","PagosDIANEnviados","PSE",7385000,178,164,92.1348314606742,0.157525071388161,0.0167270123394606
"404","2022-09-20","PagosDIANRecibidos","PSE",196672571.428571,7,7,100,4.19510641223818,0.000657803856046204
"405","2022-09-20","PagosEmpresasEnviados","PSE",381502.254889653,11056,8219,74.3397250361794,0.00813759917890819,1.03895420463526
"406","2022-09-20","PagosEmpresasRecibidos","PSE",2266815.47313539,1263,1151,91.132224861441,0.0483521014528695,0.118686610026622
"407","2022-09-20","PagosSSSEnviados","PSE",1938730.96296296,675,569,84.2962962962963,0.0413539246233147,0.0634310861187411
"408","2022-09-20","PagosSSSOtrosCanalesEnviado","PSE",259966.666666667,3,0,0,0.00554519535886377,0.000281915938305516
"409","2022-09-20","PagosSSSRecibidos","PSE",581625.872213656,1816,105,5.78193832599119,0.0124063178120051,0.170653114654272
"410","2022-09-20","SeguridadSocialONIFRecibidos","ACH",2492494.24657534,365,0,0,0.0531659220211729,0.0342997724938378
"411","2022-09-21","CreditosEnviados","ACH",2711626.62856122,5595,4424,79.0705987488829,0.0578401053814684,0.525773224939788
"412","2022-09-21","CreditosRecibidos","ACH",2421282.21391674,10690,10686,99.9625818521983,0.0516469402299418,1.00456046016199
"413","2022-09-21","DebitosEnviados","ACH",148978.951977401,354,342,96.6101694915254,0.00317778199669242,0.0332660807200509
"414","2022-09-21","DebitosRecibidos","ACH",222227.403377309,1516,1515,99.934036939314,0.00474020143282549,0.142461520823721
"415","2022-09-21","DevolucionesCreditosEnviados","ACH",1283413.83330882,136,131,96.3235294117647,0.0273757421411681,0.0127801892031834
"416","2022-09-21","DevolucionesCreditosRecibidos","ACH",1034825.71959016,244,244,100,0.0220732559719358,0.022929162982182
"417","2022-09-21","DevolucionesDebitosEnviados","ACH",235674.50612079,861,857,99.5354239256678,0.00502703363588992,0.0809098742936831
"418","2022-09-21","DevolucionesDebitosRecibidos","ACH",151018.765550239,209,179,85.6459330143541,0.0032212920547398,0.019640143701951
"419","2022-09-21","PagosDIANEnviados","PSE",5850973.15436242,149,134,89.9328859060403,0.124803651161971,0.0140018249358406
"420","2022-09-21","PagosDIANRecibidos","PSE",50191266.6666667,15,14,93.3333333333333,1.07060025250222,0.00140957969152758
"421","2022-09-21","PagosEmpresasEnviados","PSE",9852411.70085205,10774,7934,73.6402450343419,0.21015597244716,1.01245410643454
"422","2022-09-21","PagosEmpresasRecibidos","PSE",2051855.03765684,1323,1202,90.854119425548,0.0437669074184227,0.124324928792733
"423","2022-09-21","PagosSSSEnviados","PSE",1043243.68049793,723,609,84.2323651452282,0.0222528145220966,0.0679417411316294
"424","2022-09-21","PagosSSSOtrosCanalesEnviado","PSE",239080,5,0,0,0.00509967421360617,0.00046985989717586
"425","2022-09-21","PagosSSSRecibidos","PSE",642361.107623318,1784,106,5.94170403587444,0.0137018252315967,0.167646011312347
"426","2022-09-21","SeguridadSocialONIFRecibidos","ACH",280462.972972973,370,0,0,0.00598238995792871,0.0347696323910136
"427","2022-09-22","CreditosEnviados","ACH",2652155.93801236,5826,4590,78.7847579814624,0.0565715712211147,0.547480752189312
"428","2022-09-22","CreditosRecibidos","ACH",2528913.4044841,10758,10755,99.9721137757948,0.053942757559355,1.01095055476358
"429","2022-09-22","DebitosEnviados","ACH",171072.040106952,374,362,96.7914438502674,0.00364903660533053,0.0351455203087543
"430","2022-09-22","DebitosRecibidos","ACH",196265.884744966,1490,1488,99.8657718120805,0.00418643161889119,0.140018249358406
"431","2022-09-22","DevolucionesCreditosEnviados","ACH",1320725.39701987,151,147,97.3509933774834,0.0281716130602183,0.014189768894711
"432","2022-09-22","DevolucionesCreditosRecibidos","ACH",1853757.20041096,219,219,100,0.0395413995031895,0.0205798634963027
"433","2022-09-22","DevolucionesDebitosEnviados","ACH",232511.977348993,894,889,99.4407158836689,0.0049595756033179,0.0840109496150438
"434","2022-09-22","DevolucionesDebitosRecibidos","ACH",153159.259911894,227,197,86.784140969163,0.00326694967520367,0.0213316393317841
"435","2022-09-22","PagosDIANEnviados","PSE",16955124.2236025,161,147,91.304347826087,0.361659736454722,0.0151294886890627
"436","2022-09-22","PagosDIANRecibidos","PSE",73686307.6923077,13,13,100,1.57175908998792,0.00122163573265724
"437","2022-09-22","PagosEmpresasEnviados","PSE",440851.99078892,10939,8081,73.8732973763598,0.00940355332710056,1.02795948304135
"438","2022-09-22","PagosEmpresasRecibidos","PSE",2809401.8411417,1235,1134,91.8218623481781,0.0599256906680945,0.116055394602437
"439","2022-09-22","PagosSSSEnviados","PSE",1400158.86350148,674,558,82.7893175074184,0.0298659613984885,0.0633371141393059
"440","2022-09-22","PagosSSSOtrosCanalesEnviado","PSE",155185.714285714,7,0,0,0.0033101747760704,0.000657803856046204
"441","2022-09-22","PagosSSSRecibidos","PSE",710302.702341311,1922,121,6.2955254942768,0.0151510472435367,0.180614144474401
"442","2022-09-22","SeguridadSocialONIFRecibidos","ACH",118239.106741573,356,0,0,0.00252208852137288,0.0334540246789212
"443","2022-09-23","CreditosEnviados","ACH",2630257.05549991,5711,4476,78.3750656627561,0.0561044590977439,0.536673974554267
"444","2022-09-23","CreditosRecibidos","ACH",3293602.91306175,10850,10847,99.9723502304147,0.0702538976309151,1.01959597687162
"445","2022-09-23","DebitosEnviados","ACH",165845.917159763,338,328,97.0414201183432,0.00353756126472942,0.0317625290490881
"446","2022-09-23","DebitosRecibidos","ACH",198874.936407833,1481,1481,100,0.0042420837582884,0.13917250154349
"447","2022-09-23","DevolucionesCreditosEnviados","ACH",1883529.8989172,157,154,98.0891719745223,0.0401764633430829,0.014753600771322
"448","2022-09-23","DevolucionesCreditosRecibidos","ACH",2750282.61363636,220,220,100,0.0586646533582514,0.0206738354757378
"449","2022-09-23","DevolucionesDebitosEnviados","ACH",267774.438148148,918,911,99.2374727668845,0.00571173831891832,0.0862662771214879
"450","2022-09-23","DevolucionesDebitosRecibidos","ACH",189277.090047393,211,187,88.6255924170616,0.00403735776870129,0.0198280876608213
"451","2022-09-23","PagosDIANEnviados","PSE",4978679.14438503,187,167,89.3048128342246,0.106197263051862,0.0175727601543772
"452","2022-09-23","PagosDIANRecibidos","PSE",83007272.7272727,11,11,100,1.77057908762359,0.00103369177378689
"453","2022-09-23","PagosEmpresasEnviados","PSE",355923.345836296,10971,8053,73.4026068726643,0.0075919905838288,1.03096658638327
"454","2022-09-23","PagosEmpresasRecibidos","PSE",2459610.08487747,1265,1143,90.3557312252964,0.0524644893984245,0.118874553985493
"455","2022-09-23","PagosSSSEnviados","PSE",918961.492537313,670,575,85.8208955223881,0.019601824605946,0.0629612262215652
"456","2022-09-23","PagosSSSOtrosCanalesEnviado","PSE",201800,5,0,0,0.00430447656142599,0.00046985989717586
"457","2022-09-23","PagosSSSRecibidos","PSE",846063.059374663,1855,107,5.76819407008086,0.0180468712020149,0.174318021852244
"458","2022-09-23","SeguridadSocialONIFRecibidos","ACH",76937.3333333333,375,0,0,0.00164110479698688,0.0352394922881895
"459","2022-09-24","CreditosEnviados","ACH",3001997.76024067,5734,4504,78.5490059295431,0.0640338404182819,0.538835330081276
"460","2022-09-24","CreditosRecibidos","ACH",3258387.9758138,10709,10704,99.9533102997479,0.069502748612105,1.00634592777126
"461","2022-09-24","DebitosEnviados","ACH",224813.385542169,332,317,95.4819277108434,0.00479536149039192,0.0311986971724771
"462","2022-09-24","DebitosRecibidos","ACH",204776.584550602,1413,1408,99.6461429582449,0.00436796832768549,0.132782406941898
"463","2022-09-24","DevolucionesCreditosEnviados","ACH",1782532.69909091,154,152,98.7012987012987,0.0380221517503083,0.0144716848330165
"464","2022-09-24","DevolucionesCreditosRecibidos","ACH",1387656.33853659,205,205,100,0.0295992774258917,0.0192642557842103
"465","2022-09-24","DevolucionesDebitosEnviados","ACH",211577.208781038,886,883,99.6613995485327,0.00451302842482613,0.0832591737795624
"466","2022-09-24","DevolucionesDebitosRecibidos","ACH",176576.015228426,197,171,86.8020304568528,0.00376643864648543,0.0185124799487289
"467","2022-09-24","PagosDIANEnviados","PSE",5901655.66037736,212,188,88.6792452830189,0.12588472975075,0.0199220596402565
"468","2022-09-24","PagosDIANRecibidos","PSE",20589461.5384615,13,13,100,0.439181638278937,0.00122163573265724
"469","2022-09-24","PagosEmpresasEnviados","PSE",359694.794675037,10832,7976,73.6336779911374,0.00767243713055317,1.01790448124178
"470","2022-09-24","PagosEmpresasRecibidos","PSE",2792022.23598361,1220,1085,88.9344262295082,0.0595549765796413,0.11464581491091
"471","2022-09-24","PagosSSSEnviados","PSE",3317028.95938375,714,600,84.0336134453782,0.0707535847831447,0.0670959933167128
"472","2022-09-24","PagosSSSOtrosCanalesEnviado","PSE",118400,1,0,0,0.00252552044040058,9.3971979435172e-05
"473","2022-09-24","PagosSSSRecibidos","PSE",870246.055912253,1869,113,6.04601391118245,0.0185627044120302,0.175633629564337
"474","2022-09-24","SeguridadSocialONIFRecibidos","ACH",229518.469656992,379,0,0,0.00489572285952866,0.0356153802059302
"475","2022-09-25","CreditosEnviados","ACH",3095525.84377649,5709,4464,78.1923279033106,0.0660288327047786,0.536486030595397
"476","2022-09-25","CreditosRecibidos","ACH",2554173.5254571,10665,10661,99.9624941397093,0.0544815662742561,1.00221116067611
"477","2022-09-25","DebitosEnviados","ACH",201784.756613757,378,369,97.6190476190476,0.00430415141376097,0.035521408226495
"478","2022-09-25","DebitosRecibidos","ACH",210315.832090971,1473,1473,100,0.00448612274396624,0.138420725708008
"479","2022-09-25","DevolucionesCreditosEnviados","ACH",2010934.70360465,172,172,100,0.0428940599515577,0.0161631804628496
"480","2022-09-25","DevolucionesCreditosRecibidos","ACH",1107597.17178423,241,241,100,0.023625500819856,0.0226472470438765
"481","2022-09-25","DevolucionesDebitosEnviados","ACH",204670.675940594,909,902,99.2299229922992,0.00436570925370417,0.0854205293065714
"482","2022-09-25","DevolucionesDebitosRecibidos","ACH",152001.883838384,198,171,86.3636363636364,0.0032422623700442,0.0186064519281641
"483","2022-09-25","PagosDIANEnviados","PSE",4609442.62295082,183,156,85.2459016393443,0.0983212969857767,0.0171968722366365
"484","2022-09-25","PagosDIANRecibidos","PSE",124473800,10,10,100,2.65507707934404,0.00093971979435172
"485","2022-09-25","PagosEmpresasEnviados","PSE",351696.270137137,10938,8056,73.6514902175901,0.00750182532976337,1.02786551106191
"486","2022-09-25","PagosEmpresasRecibidos","PSE",2414925.12955272,1252,1136,90.7348242811502,0.0515113410196149,0.117652918252835
"487","2022-09-25","PagosSSSEnviados","PSE",927746.600566572,706,591,83.7110481586402,0.0197892145544175,0.0663442174812314
"488","2022-09-25","PagosSSSOtrosCanalesEnviado","PSE",288766.666666667,3,0,0,0.00615951114166392,0.000281915938305516
"489","2022-09-25","PagosSSSRecibidos","PSE",709906.984273319,1844,97,5.26030368763557,0.0151426064152483,0.173284330078457
"490","2022-09-25","SeguridadSocialONIFRecibidos","ACH",57139.8457583548,389,0,0,0.00121881628736538,0.0365551000002819
"491","2022-09-26","CreditosEnviados","ACH",3983543.94964876,5751,4536,78.8732394366197,0.0849706222134459,0.540432853731674
"492","2022-09-26","CreditosRecibidos","ACH",2381498.74388785,10700,10696,99.9626168224299,0.0507983425378131,1.00550017995634
"493","2022-09-26","DebitosEnviados","ACH",146644.683760684,351,335,95.4415954415954,0.00312799110062235,0.0329841647817454
"494","2022-09-26","DebitosRecibidos","ACH",210039.226149388,1553,1552,99.935608499678,0.00448022262606588,0.145938484062822
"495","2022-09-26","DevolucionesCreditosEnviados","ACH",1389497.64158228,158,149,94.3037974683544,0.0296385531731794,0.0148475727507572
"496","2022-09-26","DevolucionesCreditosRecibidos","ACH",1734610.72408072,223,223,100,0.0369999564172627,0.0209557514140434
"497","2022-09-26","DevolucionesDebitosEnviados","ACH",191233.751737143,875,870,99.4285714285714,0.00407909416306287,0.0822254820057755
"498","2022-09-26","DevolucionesDebitosRecibidos","ACH",194807.163265306,245,213,86.9387755102041,0.00415531649293061,0.0230231349616171
"499","2022-09-26","PagosDIANEnviados","PSE",7018877.77777778,180,161,89.4444444444444,0.149715534598405,0.016914956298331
"500","2022-09-26","PagosDIANRecibidos","PSE",45850500,10,10,100,0.978009923586037,0.00093971979435172
"501","2022-09-26","PagosEmpresasEnviados","PSE",741879.557758319,10849,7992,73.6657756475251,0.0158245944884626,1.01950200489218
"502","2022-09-26","PagosEmpresasRecibidos","PSE",2070123.08036293,1295,1188,91.7374517374517,0.0441565722432568,0.121693713368548
"503","2022-09-26","PagosSSSEnviados","PSE",1431532.41607898,709,585,82.5105782792666,0.0305351721106715,0.066626133419537
"504","2022-09-26","PagosSSSOtrosCanalesEnviado","PSE",10692975,4,0,0,0.228085531513449,0.000375887917740688
"505","2022-09-26","PagosSSSRecibidos","PSE",979965.304380388,1856,115,6.19612068965517,0.0209030608707436,0.174411993831679
"506","2022-09-26","SeguridadSocialONIFRecibidos","ACH",727516.806722689,357,0,0,0.0155182311327121,0.0335479966583564
"507","2022-09-27","CreditosEnviados","ACH",3270303.29908215,5709,4539,79.5060430898581,0.0697569073322755,0.536486030595397
"508","2022-09-27","CreditosRecibidos","ACH",2297376.60555995,10617,10613,99.9623245737967,0.0490039829108088,0.997700505663221
"509","2022-09-27","DebitosEnviados","ACH",148140.771186441,354,345,97.4576271186441,0.00315990325750052,0.0332660807200509
"510","2022-09-27","DebitosRecibidos","ACH",217106.14438151,1536,1533,99.8046875,0.00463096288321,0.144340960412424
"511","2022-09-27","DevolucionesCreditosEnviados","ACH",1897211.33839161,143,138,96.5034965034965,0.0404682940444911,0.0134379930592296
"512","2022-09-27","DevolucionesCreditosRecibidos","ACH",1012261.86363636,198,198,100,0.0215919596930036,0.0186064519281641
"513","2022-09-27","DevolucionesDebitosEnviados","ACH",197604.327080891,853,852,99.8827667057444,0.00421498114150669,0.0801580984582017
"514","2022-09-27","DevolucionesDebitosRecibidos","ACH",183631.585365854,205,181,88.2926829268293,0.00391693684412692,0.0192642557842103
"515","2022-09-27","PagosDIANEnviados","PSE",5328692.70833333,192,176,91.6666666666667,0.11366319557018,0.018042620051553
"516","2022-09-27","PagosDIANRecibidos","PSE",102195533.333333,15,15,100,2.17987253674808,0.00140957969152758
"517","2022-09-27","PagosEmpresasEnviados","PSE",457903.017841305,10914,8017,73.4561114165292,0.00976725871012945,1.02561018355547
"518","2022-09-27","PagosEmpresasRecibidos","PSE",3731322.99720224,1251,1138,90.9672262190248,0.0795906461078633,0.1175589462734
"519","2022-09-27","PagosSSSEnviados","PSE",1502511.73913043,690,574,83.1884057971015,0.0320491901107748,0.0648406658102687
"520","2022-09-27","PagosSSSOtrosCanalesEnviado","PSE",355375,4,0,0,0.00758029414279862,0.000375887917740688
"521","2022-09-27","PagosSSSRecibidos","PSE",469086.311825749,1802,92,5.1054384017758,0.0100058029461829,0.16933750694218
"522","2022-09-27","SeguridadSocialONIFRecibidos","ACH",90678.1954887218,399,0,0,0.00193420300849161,0.0374948197946336
"523","2022-09-28","CreditosEnviados","ACH",2709566.09567125,5743,4523,78.7567473445934,0.05779615337191,0.539681077896193
"524","2022-09-28","CreditosRecibidos","ACH",4411266.40241873,10551,10546,99.9526111269074,0.09409411712298,0.9914983550205
"525","2022-09-28","DebitosEnviados","ACH",163694.530555556,360,350,97.2222222222222,0.00349167130827562,0.0338299125966619
"526","2022-09-28","DebitosRecibidos","ACH",183750.806468625,1498,1497,99.9332443257677,0.00391947987902536,0.140770025193888
"527","2022-09-28","DevolucionesCreditosEnviados","ACH",1547918.16740741,162,155,95.679012345679,0.0330177278028278,0.0152234606684979
"528","2022-09-28","DevolucionesCreditosRecibidos","ACH",1185426.77602094,191,191,100,0.0252856381202623,0.0179486480721179
"529","2022-09-28","DevolucionesDebitosEnviados","ACH",222539.524456019,864,858,99.3055555555556,0.00474685910313091,0.0811917902319886
"530","2022-09-28","DevolucionesDebitosRecibidos","ACH",170791.033653846,208,178,85.5769230769231,0.00364304262271902,0.0195461717225158
"531","2022-09-28","PagosDIANEnviados","PSE",5967807.90960452,177,164,92.6553672316384,0.127295784291305,0.0166330403600254
"532","2022-09-28","PagosDIANRecibidos","PSE",587841142.857143,7,7,100,12.5388920776533,0.000657803856046204
"533","2022-09-28","PagosEmpresasEnviados","PSE",365907.333006074,11031,8114,73.5563412201976,0.00780495311485896,1.03660490514938
"534","2022-09-28","PagosEmpresasRecibidos","PSE",2401478.10225275,1274,1150,90.2668759811617,0.0512245104257915,0.119720301800409
"535","2022-09-28","PagosSSSEnviados","PSE",1027217.95620438,685,588,85.8394160583942,0.0219109792663908,0.0643708059130928
"536","2022-09-28","PagosSSSOtrosCanalesEnviado","PSE",173650,4,0,0,0.0037040255445571,0.000375887917740688
"537","2022-09-28","PagosSSSRecibidos","PSE",699093.069268829,1819,99,5.44255085211655,0.0149119411839595,0.170935030592578
"538","2022-09-28","SeguridadSocialONIFRecibidos","ACH",524552.445652174,368,0,0,0.0111889182732828,0.0345816884321433
"539","2022-09-29","CreditosEnviados","ACH",2976713.51630345,5800,4538,78.2413793103448,0.0634945171506845,0.545037480723998
"540","2022-09-29","CreditosRecibidos","ACH",2645519.96584731,10793,10790,99.9722042064301,0.0564300232198921,1.01423957404381
"541","2022-09-29","DebitosEnviados","ACH",176491.176300578,346,338,97.6878612716763,0.0037646289974447,0.0325143048845695
"542","2022-09-29","DebitosRecibidos","ACH",182734.936301939,1444,1441,99.792243767313,0.00389781095275207,0.135695538304388
"543","2022-09-29","DevolucionesCreditosEnviados","ACH",3013649.00356643,143,138,96.5034965034965,0.0642823662052354,0.0134379930592296
"544","2022-09-29","DevolucionesCreditosRecibidos","ACH",1576653.19090909,220,220,100,0.0336306576103354,0.0206738354757378
"545","2022-09-29","DevolucionesDebitosEnviados","ACH",359350.812263099,897,896,99.8885172798216,0.00766509984497474,0.0842928655533493
"546","2022-09-29","DevolucionesDebitosRecibidos","ACH",176761.737864078,206,182,88.3495145631068,0.00377040018628765,0.0193582277636454
"547","2022-09-29","PagosDIANEnviados","PSE",13252214.2857143,168,147,87.5,0.28267515252652,0.0157872925451089
"548","2022-09-29","PagosDIANRecibidos","PSE",134551100,10,10,100,2.87003001121945,0.00093971979435172
"549","2022-09-29","PagosEmpresasEnviados","PSE",342984.640102455,10834,8061,74.4046520214141,0.00731600269697793,1.01809242520065
"550","2022-09-29","PagosEmpresasRecibidos","PSE",3234075.45272867,1301,1177,90.4688700999231,0.068984152547838,0.122257545245159
"551","2022-09-29","PagosSSSEnviados","PSE",1065173.48736999,673,567,84.2496285289747,0.02272058627471,0.0632431421598708
"552","2022-09-29","PagosSSSOtrosCanalesEnviado","PSE",238466.666666667,6,0,0,0.00508659156267617,0.000563831876611032
"553","2022-09-29","PagosSSSRecibidos","PSE",822993.450782509,1738,98,5.63866513233602,0.0175547870123905,0.163323300258329
"554","2022-09-29","SeguridadSocialONIFRecibidos","ACH",86300.8450704225,355,0,0,0.00184083233318578,0.0333600526994861
"555","2022-09-30","CreditosEnviados","ACH",3312965.332874,5762,4571,79.3300937174592,0.0706669059671605,0.541466545505461
"556","2022-09-30","CreditosRecibidos","ACH",3191667.73534567,10588,10588,100,0.0680795785860011,0.994975318259601
"557","2022-09-30","DebitosEnviados","ACH",177639.931818182,352,341,96.875,0.00378913242261979,0.0330781367611806
"558","2022-09-30","DebitosRecibidos","ACH",182481.893333333,1503,1500,99.8003992015968,0.0038924134427055,0.141239885091064
"559","2022-09-30","DevolucionesCreditosEnviados","ACH",1645722.40431507,146,144,98.6301369863014,0.0351039321902271,0.0137199089975351
"560","2022-09-30","DevolucionesCreditosRecibidos","ACH",1369740.32405,200,200,100,0.0292171215070033,0.0187943958870344
"561","2022-09-30","DevolucionesDebitosEnviados","ACH",184221.331422222,900,895,99.4444444444444,0.00392951636878912,0.0845747814916548
"562","2022-09-30","DevolucionesDebitosRecibidos","ACH",142009.273972603,219,186,84.9315068493151,0.00302911591338053,0.0205798634963027
"563","2022-09-30","PagosDIANEnviados","PSE",9601381.18811881,202,180,89.1089108910891,0.2048013889077,0.0189823398459047
"564","2022-09-30","PagosDIANRecibidos","PSE",98791000,10,10,100,2.10725244786836,0.00093971979435172
"565","2022-09-30","PagosEmpresasEnviados","PSE",664789.539522759,10875,8037,73.9034482758621,0.0141802328600441,1.0219452763575
"566","2022-09-30","PagosEmpresasRecibidos","PSE",2557978.69572231,1246,1136,91.1717495987159,0.0545627321128033,0.117089086376224
"567","2022-09-30","PagosSSSEnviados","PSE",2703127.77777778,684,579,84.6491228070175,0.0576588214171653,0.0642768339336577
"568","2022-09-30","PagosSSSOtrosCanalesEnviado","PSE",213700,3,0,0,0.00455830843001355,0.000281915938305516
"569","2022-09-30","PagosSSSRecibidos","PSE",1322514.18047253,1820,91,5,0.0282097685430996,0.171029002572013
"570","2022-09-30","SeguridadSocialONIFRecibidos","ACH",93667.2222222222,360,0,0,0.00199796017160275,0.0338299125966619
